{"mazeSize":{"x":10,"y":1,"z":10},"mazeFrameCreatorUsed":"MazeFrameCreatorMeshIcosahedron","seeds1":[1179933392,1088426836,1555633917,562608714,353545589,643816697,1305007269,1104165749,1219819208,1671436395,2035164470,1828257090,1164129372,439613854,1421215481,1318754565,135653756,1400625208,1232565230,632699756],"seeds2":[1512066929,516502404,1469288888,1981556595,268058802,604748810,671578429,363474984,949562058,972906002,296603323,1097020347,498224695,1884560512,751697736,101865949,1163197478,928840142,2060083424,267557792],"seeds3":[],"seeds4":[],"seeds5":[],"difficulties1":[0.12429378181695938,0.16949152946472169,0.12429378181695938,0.10169491171836853,0.16384181380271913,0.11864406615495682,0.1355932205915451,0.1525423675775528,0.15819208323955537,0.12994350492954255,0.15819208323955537,0.16384181380271913,0.10734463483095169,0.1355932205915451,0.15819208323955537,0.1355932205915451,0.10169491171836853,0.10169491171836853,0.12429378181695938,0.11864406615495682],"difficulties2":[0.299435019493103,0.23163841664791108,0.22033898532390595,0.29378530383110049,0.23163841664791108,0.2768361568450928,0.22033898532390595,0.23163841664791108,0.23728813230991364,0.2542372941970825,0.23163841664791108,0.22033898532390595,0.23728813230991364,0.23728813230991364,0.2259887009859085,0.2711864411830902,0.2711864411830902,0.2259887009859085,0.23163841664791108,0.28248587250709536],"difficulties3":[],"difficulties4":[],"difficulties5":[],"nDifficulty":3}