{"mazeSize":{"x":10,"y":1,"z":10},"mazeFrameCreatorUsed":"MazeFrameCreatorMeshIcosahedron","seeds1":[797927517,1758022246,1318757384,1686774002,17258694,1872827172,771312111,1610160888,1986193748,658509943,1330282825,257563896,679693309,1032772177,430901614,1285038563,1455866044,992696920,1744580183,2088385642],"seeds2":[746832011,1516004622,1633724767,759662884,351041745,708424042,1617896926,548002855,1828650773,493543295,947033656,78863280,93103061,374683442,257277743,1648213893,2115374793,1251428706,549850167,2048171845],"seeds3":[],"seeds4":[],"seeds5":[],"difficulties1":[0.05607476457953453,0.05295950174331665,0.06697819381952286,0.05763239786028862,0.0607476644217968,0.05140186846256256,0.05295950174331665,0.06542056053876877,0.05763239786028862,0.05919003114104271,0.07165109366178513,0.05140186846256256,0.05919003114104271,0.07476635277271271,0.05607476457953453,0.07788161933422089,0.07476635277271271,0.05295950174331665,0.0607476644217968,0.07009346038103104],"difficulties2":[0.10747663676738739,0.11370716243982315,0.09813084453344345,0.09501557797193527,0.11059190332889557,0.09968847036361695,0.09657321125268936,0.09968847036361695,0.11059190332889557,0.09968847036361695,0.10124610364437103,0.10436137020587921,0.09345794469118118,0.09657321125268936,0.09501557797193527,0.09813084453344345,0.11838006228208542,0.11526479572057724,0.11838006228208542,0.09345794469118118],"difficulties3":[],"difficulties4":[],"difficulties5":[],"nDifficulty":3}