{"mazeSize":{"x":10,"y":1,"z":10},"mazeFrameCreatorUsed":"MazeFrameCreatorMeshIcosahedron","seeds1":[2095312108,552458479,178675516,21320649,1959386385,1044004064,1857885672,998506184,229764342,138328809,297105414,411033537,614512181,942503984,523982690,602326477,406151713,1578168182,1480515977,1016240365],"seeds2":[278645852,2060074449,2105064924,1167580415,1800529258,750018202,1607731384,375352757,1856598090,899022901,1388087900,294707505,705174556,425441096,388880970,1959883669,1059996133,213736171,910166150,1065561102],"seeds3":[],"seeds4":[],"seeds5":[],"difficulties1":[0.14124293625354768,0.14124293625354768,0.10169491171836853,0.15819208323955537,0.16949152946472169,0.1525423675775528,0.11864406615495682,0.10734463483095169,0.11299435049295426,0.15819208323955537,0.11864406615495682,0.11864406615495682,0.12994350492954255,0.10169491171836853,0.14689265191555024,0.16949152946472169,0.1355932205915451,0.12429378181695938,0.12994350492954255,0.14689265191555024],"difficulties2":[0.26553672552108767,0.23163841664791108,0.2259887009859085,0.26553672552108767,0.2711864411830902,0.23728813230991364,0.23163841664791108,0.24858756363391877,0.23163841664791108,0.2598870098590851,0.2259887009859085,0.22033898532390595,0.24858756363391877,0.2259887009859085,0.23163841664791108,0.22033898532390595,0.2259887009859085,0.23163841664791108,0.23728813230991364,0.28248587250709536],"difficulties3":[],"difficulties4":[],"difficulties5":[],"nDifficulty":3}