{"mazeSize":{"x":10,"y":1,"z":10},"mazeFrameCreatorUsed":"MazeFrameCreatorMeshIcosahedron","seeds1":[1344796402,1979690567,1228832621,2079903496,129507879,1266013577,426771851,1794996388,495223274,1354704240,836999605,489840370,753254034,1094165469,2099620527,1764421984,948754110,18671768,1925495939,1362644771],"seeds2":[159231620,1344501716,2059581364,1082401861,1983614873,2125659026,347011364,1089976082,1664500092,1916833221,502045432,1574327088,821567944,2057983270,1836898742,1475022672,1806745902,1104156163,1998024907,1504179270],"seeds3":[],"seeds4":[],"seeds5":[],"difficulties1":[0.10734463483095169,0.14689265191555024,0.1525423675775528,0.16949152946472169,0.14689265191555024,0.1525423675775528,0.12994350492954255,0.14689265191555024,0.14124293625354768,0.11864406615495682,0.12429378181695938,0.11864406615495682,0.14124293625354768,0.11864406615495682,0.11299435049295426,0.11299435049295426,0.16384181380271913,0.12429378181695938,0.17514124512672425,0.16384181380271913],"difficulties2":[0.2711864411830902,0.23728813230991364,0.23163841664791108,0.23728813230991364,0.2259887009859085,0.23163841664791108,0.23163841664791108,0.2542372941970825,0.2259887009859085,0.24858756363391877,0.24858756363391877,0.2429378479719162,0.2259887009859085,0.23728813230991364,0.24858756363391877,0.2429378479719162,0.29378530383110049,0.22033898532390595,0.2259887009859085,0.2259887009859085],"difficulties3":[],"difficulties4":[],"difficulties5":[],"nDifficulty":3}