{"mazeSize":{"x":10,"y":1,"z":10},"mazeFrameCreatorUsed":"MazeFrameCreatorMeshIcosahedron","seeds1":[756559664,10862234,294212671,1017052681,923923368,244843953,1911191024,781666894,1408678262,878768280,2038831247,79784600,120244701,236445670,755798122,2062770583,352231917,1073950470,777366743,1444728984],"seeds2":[1267024720,159458535,1712677860,1827654246,769440592,907121355,1888150272,1412463981,948945478,646552938,1326974249,536643995,807973713,1533616269,652280520,1865792178,1251462616,1347327729,814549780,1104264901],"seeds3":[],"seeds4":[],"seeds5":[],"difficulties1":[0.10734463483095169,0.14124293625354768,0.17514124512672425,0.1355932205915451,0.12994350492954255,0.16384181380271913,0.1355932205915451,0.11299435049295426,0.12994350492954255,0.1355932205915451,0.14689265191555024,0.11864406615495682,0.14689265191555024,0.1525423675775528,0.1355932205915451,0.1525423675775528,0.1355932205915451,0.12429378181695938,0.1525423675775528,0.1355932205915451],"difficulties2":[0.2542372941970825,0.23163841664791108,0.22033898532390595,0.28248587250709536,0.24858756363391877,0.2711864411830902,0.22033898532390595,0.23728813230991364,0.22033898532390595,0.23728813230991364,0.2542372941970825,0.2542372941970825,0.2259887009859085,0.23163841664791108,0.2429378479719162,0.2259887009859085,0.2259887009859085,0.22033898532390595,0.2259887009859085,0.2711864411830902],"difficulties3":[],"difficulties4":[],"difficulties5":[],"nDifficulty":3}